form,filingDate,reportDate,accessionNumber,primaryDocument,url
8-K,2016-02-17,2016-02-17,0001045810-16-000189,form8-kq416.htm,https://www.sec.gov/Archives/edgar/data/1045810/000104581016000189/form8-kq416.htm
8-K,2016-03-14,2016-03-08,0001045810-16-000200,form8-kfy2017variablecompp.htm,https://www.sec.gov/Archives/edgar/data/1045810/000104581016000200/form8-kfy2017variablecompp.htm
10-K,2016-03-17,2016-01-31,0001045810-16-000205,nvda-2016x10k.htm,https://www.sec.gov/Archives/edgar/data/1045810/000104581016000205/nvda-2016x10k.htm
8-K,2016-03-23,2016-03-23,0001045810-16-000220,form8-kmarch2016asr.htm,https://www.sec.gov/Archives/edgar/data/1045810/000104581016000220/form8-kmarch2016asr.htm
8-K,2016-05-02,2016-04-29,0001045810-16-000235,form8-ksamsungsettlement.htm,https://www.sec.gov/Archives/edgar/data/1045810/000104581016000235/form8-ksamsungsettlement.htm
8-K,2016-05-12,2016-05-12,0001045810-16-000243,form8-kq117.htm,https://www.sec.gov/Archives/edgar/data/1045810/000104581016000243/form8-kq117.htm
8-K,2016-05-23,2016-05-18,0001045810-16-000268,form8-k2016annualmeetingre.htm,https://www.sec.gov/Archives/edgar/data/1045810/000104581016000268/form8-k2016annualmeetingre.htm
10-Q,2016-05-25,2016-05-01,0001045810-16-000275,nvda2017q110q.htm,https://www.sec.gov/Archives/edgar/data/1045810/000104581016000275/nvda2017q110q.htm
8-K,2016-06-21,2016-06-16,0001045810-16-000284,form8-kdavidshannon.htm,https://www.sec.gov/Archives/edgar/data/1045810/000104581016000284/form8-kdavidshannon.htm
8-K,2016-08-11,2016-08-11,0001045810-16-000292,form8-kq2fy17.htm,https://www.sec.gov/Archives/edgar/data/1045810/000104581016000292/form8-kq2fy17.htm
10-Q,2016-08-23,2016-07-31,0001045810-16-000300,nvda2017q210q.htm,https://www.sec.gov/Archives/edgar/data/1045810/000104581016000300/nvda2017q210q.htm
8-K,2016-09-16,2016-09-13,0001193125-16-711700,d260668d8k.htm,https://www.sec.gov/Archives/edgar/data/1045810/000119312516711700/d260668d8k.htm
8-K,2016-10-13,2016-10-07,0001193125-16-737735,d30673d8k.htm,https://www.sec.gov/Archives/edgar/data/1045810/000119312516737735/d30673d8k.htm
8-K,2016-11-10,2016-11-10,0001045810-16-000343,form8-kq3fy17.htm,https://www.sec.gov/Archives/edgar/data/1045810/000104581016000343/form8-kq3fy17.htm
10-Q,2016-11-22,2016-10-30,0001045810-16-000353,nvda2017q310q.htm,https://www.sec.gov/Archives/edgar/data/1045810/000104581016000353/nvda2017q310q.htm
8-K,2016-12-01,2016-11-29,0001045810-16-000356,form8-kproxyaccess.htm,https://www.sec.gov/Archives/edgar/data/1045810/000104581016000356/form8-kproxyaccess.htm
8-K,2016-12-13,2016-12-12,0001045810-16-000358,form8-kwarranttermination.htm,https://www.sec.gov/Archives/edgar/data/1045810/000104581016000358/form8-kwarranttermination.htm
8-K,2017-01-19,2017-01-18,0001045810-17-000006,form8-ktimteter.htm,https://www.sec.gov/Archives/edgar/data/1045810/000104581017000006/form8-ktimteter.htm
8-K,2017-02-02,2017-01-27,0001045810-17-000012,form8-ksyntheticleaseamend.htm,https://www.sec.gov/Archives/edgar/data/1045810/000104581017000012/form8-ksyntheticleaseamend.htm
8-K,2017-02-09,2017-02-09,0001045810-17-000016,form8-kq4fy17.htm,https://www.sec.gov/Archives/edgar/data/1045810/000104581017000016/form8-kq4fy17.htm
10-K,2017-03-01,2017-01-29,0001045810-17-000027,nvda-2017x10k.htm,https://www.sec.gov/Archives/edgar/data/1045810/000104581017000027/nvda-2017x10k.htm
8-K,2017-03-13,2017-03-07,0001045810-17-000038,form8-kfy2018variablecompp.htm,https://www.sec.gov/Archives/edgar/data/1045810/000104581017000038/form8-kfy2018variablecompp.htm
8-K,2017-05-09,2017-05-09,0001045810-17-000068,form8-kq1fy18.htm,https://www.sec.gov/Archives/edgar/data/1045810/000104581017000068/form8-kq1fy18.htm
10-Q,2017-05-23,2017-04-30,0001045810-17-000075,nvda2018q110q.htm,https://www.sec.gov/Archives/edgar/data/1045810/000104581017000075/nvda2018q110q.htm
8-K,2017-05-30,2017-05-23,0001045810-17-000097,form8-k2017annualmeetingre.htm,https://www.sec.gov/Archives/edgar/data/1045810/000104581017000097/form8-k2017annualmeetingre.htm
8-K,2017-06-05,2017-06-02,0001045810-17-000103,form8-ksecondwarranttermin.htm,https://www.sec.gov/Archives/edgar/data/1045810/000104581017000103/form8-ksecondwarranttermin.htm
8-K,2017-08-10,2017-08-10,0001045810-17-000117,form8-kq2fy18.htm,https://www.sec.gov/Archives/edgar/data/1045810/000104581017000117/form8-kq2fy18.htm
10-Q,2017-08-23,2017-07-30,0001045810-17-000123,nvda2018q210q.htm,https://www.sec.gov/Archives/edgar/data/1045810/000104581017000123/nvda2018q210q.htm
8-K,2017-11-09,2017-11-06,0001045810-17-000164,form8-kq3fy18.htm,https://www.sec.gov/Archives/edgar/data/1045810/000104581017000164/form8-kq3fy18.htm
10-Q,2017-11-21,2017-10-29,0001045810-17-000172,nvda2018q310q.htm,https://www.sec.gov/Archives/edgar/data/1045810/000104581017000172/nvda2018q310q.htm
8-K,2017-12-15,2017-12-15,0001045810-17-000178,form8-kcommercialpaper.htm,https://www.sec.gov/Archives/edgar/data/1045810/000104581017000178/form8-kcommercialpaper.htm
8-K,2018-02-08,2018-02-08,0001045810-18-000004,form8-kq4fy18.htm,https://www.sec.gov/Archives/edgar/data/1045810/000104581018000004/form8-kq4fy18.htm
10-K,2018-02-28,2018-01-28,0001045810-18-000010,nvda-2018x10k.htm,https://www.sec.gov/Archives/edgar/data/1045810/000104581018000010/nvda-2018x10k.htm
8-K,2018-03-13,2018-03-07,0001045810-18-000026,form8-kfy2019variablecompp.htm,https://www.sec.gov/Archives/edgar/data/1045810/000104581018000026/form8-kfy2019variablecompp.htm
8-K,2018-05-10,2018-05-10,0001045810-18-000052,form8-kq1fy19.htm,https://www.sec.gov/Archives/edgar/data/1045810/000104581018000052/form8-kq1fy19.htm
8-K,2018-05-21,2018-05-16,0001045810-18-000058,form8-k2018annualmeetingre.htm,https://www.sec.gov/Archives/edgar/data/1045810/000104581018000058/form8-k2018annualmeetingre.htm
10-Q,2018-05-22,2018-04-29,0001045810-18-000080,nvda2019q110q.htm,https://www.sec.gov/Archives/edgar/data/1045810/000104581018000080/nvda2019q110q.htm
10-Q,2018-08-16,2018-07-29,0001045810-18-000114,nvda2019q210q.htm,https://www.sec.gov/Archives/edgar/data/1045810/000104581018000114/nvda2019q210q.htm
8-K,2018-08-16,2018-08-16,0001045810-18-000113,form8-kq2fy19.htm,https://www.sec.gov/Archives/edgar/data/1045810/000104581018000113/form8-kq2fy19.htm
8-K,2018-11-15,2018-11-15,0001045810-18-000148,form8-kq3fy19.htm,https://www.sec.gov/Archives/edgar/data/1045810/000104581018000148/form8-kq3fy19.htm
10-Q,2018-11-15,2018-10-28,0001045810-18-000150,nvda2019q310q.htm,https://www.sec.gov/Archives/edgar/data/1045810/000104581018000150/nvda2019q310q.htm
8-K,2019-01-28,2019-01-28,0001045810-19-000004,form8-kq4fy19update.htm,https://www.sec.gov/Archives/edgar/data/1045810/000104581019000004/form8-kq4fy19update.htm
8-K,2019-02-14,2019-02-14,0001045810-19-000007,form8-kq4fy19.htm,https://www.sec.gov/Archives/edgar/data/1045810/000104581019000007/form8-kq4fy19.htm
10-K,2019-02-21,2019-01-27,0001045810-19-000023,nvda-2019x10k.htm,https://www.sec.gov/Archives/edgar/data/1045810/000104581019000023/nvda-2019x10k.htm
8-K,2019-03-11,2019-03-06,0001045810-19-000029,form8-kfy2020variablecompp.htm,https://www.sec.gov/Archives/edgar/data/1045810/000104581019000029/form8-kfy2020variablecompp.htm
8-K,2019-03-11,2019-03-10,0001045810-19-000031,mellanoxform8-k.htm,https://www.sec.gov/Archives/edgar/data/1045810/000104581019000031/mellanoxform8-k.htm
8-K,2019-04-01,2019-03-30,0001045810-19-000060,form8-kneal.htm,https://www.sec.gov/Archives/edgar/data/1045810/000104581019000060/form8-kneal.htm
8-K,2019-05-16,2019-05-16,0001045810-19-000077,form8-kq1fy20.htm,https://www.sec.gov/Archives/edgar/data/1045810/000104581019000077/form8-kq1fy20.htm
10-Q,2019-05-16,2019-04-28,0001045810-19-000079,nvda2020q110q.htm,https://www.sec.gov/Archives/edgar/data/1045810/000104581019000079/nvda2020q110q.htm
8-K,2019-05-29,2019-05-22,0001045810-19-000107,a8-k2019annualmeetingresul.htm,https://www.sec.gov/Archives/edgar/data/1045810/000104581019000107/a8-k2019annualmeetingresul.htm
8-K,2019-06-17,2019-06-17,0001045810-19-000112,form8-kdrobertson.htm,https://www.sec.gov/Archives/edgar/data/1045810/000104581019000112/form8-kdrobertson.htm
8-K,2019-08-15,2019-08-15,0001045810-19-000140,form8-kq2fy20.htm,https://www.sec.gov/Archives/edgar/data/1045810/000104581019000140/form8-kq2fy20.htm
10-Q,2019-08-15,2019-07-28,0001045810-19-000144,nvda2020q210q.htm,https://www.sec.gov/Archives/edgar/data/1045810/000104581019000144/nvda2020q210q.htm
8-K,2019-11-14,2019-11-14,0001045810-19-000168,form8-kq3fy20.htm,https://www.sec.gov/Archives/edgar/data/1045810/000104581019000168/form8-kq3fy20.htm
10-Q,2019-11-14,2019-10-27,0001045810-19-000170,nvda2020q310q.htm,https://www.sec.gov/Archives/edgar/data/1045810/000104581019000170/nvda2020q310q.htm
8-K,2020-02-13,2020-02-13,0001045810-20-000007,form8-kq4fy20.htm,https://www.sec.gov/Archives/edgar/data/1045810/000104581020000007/form8-kq4fy20.htm
10-K,2020-02-20,2020-01-26,0001045810-20-000010,nvda-2020x10k.htm,https://www.sec.gov/Archives/edgar/data/1045810/000104581020000010/nvda-2020x10k.htm
8-K,2020-03-10,2020-03-04,0001045810-20-000033,form8-kfy2021variablec.htm,https://www.sec.gov/Archives/edgar/data/1045810/000104581020000033/form8-kfy2021variablec.htm
8-K,2020-03-31,2020-03-26,0001193125-20-092939,d904626d8k.htm,https://www.sec.gov/Archives/edgar/data/1045810/000119312520092939/d904626d8k.htm
8-K,2020-04-17,2020-04-16,0001045810-20-000048,mellanoxantitrustappro.htm,https://www.sec.gov/Archives/edgar/data/1045810/000104581020000048/mellanoxantitrustappro.htm
8-K,2020-04-27,2020-04-27,0001045810-20-000052,form8-kmellanoxclosing.htm,https://www.sec.gov/Archives/edgar/data/1045810/000104581020000052/form8-kmellanoxclosing.htm
8-K,2020-05-21,2020-05-21,0001045810-20-000063,nvda-20200521.htm,https://www.sec.gov/Archives/edgar/data/1045810/000104581020000063/nvda-20200521.htm
10-Q,2020-05-21,2020-04-26,0001045810-20-000065,nvda-20200426.htm,https://www.sec.gov/Archives/edgar/data/1045810/000104581020000065/nvda-20200426.htm
8-K,2020-06-15,2020-06-09,0001045810-20-000103,a8-k2020annualmeetingr.htm,https://www.sec.gov/Archives/edgar/data/1045810/000104581020000103/a8-k2020annualmeetingr.htm
8-K,2020-07-13,2020-07-13,0001045810-20-000127,nvda-20200713.htm,https://www.sec.gov/Archives/edgar/data/1045810/000104581020000127/nvda-20200713.htm
8-K,2020-08-19,2020-08-19,0001045810-20-000145,nvda-20200819.htm,https://www.sec.gov/Archives/edgar/data/1045810/000104581020000145/nvda-20200819.htm
10-Q,2020-08-19,2020-07-26,0001045810-20-000147,nvda-20200726.htm,https://www.sec.gov/Archives/edgar/data/1045810/000104581020000147/nvda-20200726.htm
8-K,2020-09-14,2020-09-13,0001193125-20-244601,d13958d8k.htm,https://www.sec.gov/Archives/edgar/data/1045810/000119312520244601/d13958d8k.htm
8-K,2020-11-09,2020-11-09,0001045810-20-000181,nvda-20201109.htm,https://www.sec.gov/Archives/edgar/data/1045810/000104581020000181/nvda-20201109.htm
8-K,2020-11-18,2020-11-18,0001045810-20-000187,nvda-20201118.htm,https://www.sec.gov/Archives/edgar/data/1045810/000104581020000187/nvda-20201118.htm
10-Q,2020-11-18,2020-10-25,0001045810-20-000189,nvda-20201025.htm,https://www.sec.gov/Archives/edgar/data/1045810/000104581020000189/nvda-20201025.htm
8-K,2021-02-24,2021-02-24,0001045810-21-000007,nvda-20210224.htm,https://www.sec.gov/Archives/edgar/data/1045810/000104581021000007/nvda-20210224.htm
10-K,2021-02-26,2021-01-31,0001045810-21-000010,nvda-20210131.htm,https://www.sec.gov/Archives/edgar/data/1045810/000104581021000010/nvda-20210131.htm
8-K,2021-03-19,2021-03-15,0001045810-21-000034,nvda-20210315.htm,https://www.sec.gov/Archives/edgar/data/1045810/000104581021000034/nvda-20210315.htm
8-K,2021-04-12,2021-04-12,0001045810-21-000047,nvda-20210412.htm,https://www.sec.gov/Archives/edgar/data/1045810/000104581021000047/nvda-20210412.htm
8-K,2021-05-21,2021-05-21,0001045810-21-000056,nvda-20210521.htm,https://www.sec.gov/Archives/edgar/data/1045810/000104581021000056/nvda-20210521.htm
8-K,2021-05-26,2021-05-26,0001045810-21-000063,nvda-20210526.htm,https://www.sec.gov/Archives/edgar/data/1045810/000104581021000063/nvda-20210526.htm
10-Q,2021-05-26,2021-05-02,0001045810-21-000064,nvda-20210502.htm,https://www.sec.gov/Archives/edgar/data/1045810/000104581021000064/nvda-20210502.htm
8-K,2021-06-07,2021-06-03,0001045810-21-000075,nvda-20210603.htm,https://www.sec.gov/Archives/edgar/data/1045810/000104581021000075/nvda-20210603.htm
8-K,2021-06-16,2021-06-14,0001193125-21-192149,d80739d8k.htm,https://www.sec.gov/Archives/edgar/data/1045810/000119312521192149/d80739d8k.htm
8-K,2021-06-28,2021-06-28,0001045810-21-000117,nvda-20210628.htm,https://www.sec.gov/Archives/edgar/data/1045810/000104581021000117/nvda-20210628.htm
8-K,2021-08-18,2021-08-18,0001045810-21-000128,nvda-20210818.htm,https://www.sec.gov/Archives/edgar/data/1045810/000104581021000128/nvda-20210818.htm
10-Q,2021-08-20,2021-08-01,0001045810-21-000131,nvda-20210801.htm,https://www.sec.gov/Archives/edgar/data/1045810/000104581021000131/nvda-20210801.htm
8-K,2021-11-17,2021-11-17,0001045810-21-000160,nvda-20211117.htm,https://www.sec.gov/Archives/edgar/data/1045810/000104581021000160/nvda-20211117.htm
10-Q,2021-11-22,2021-10-31,0001045810-21-000163,nvda-20211031.htm,https://www.sec.gov/Archives/edgar/data/1045810/000104581021000163/nvda-20211031.htm
8-K,2022-02-08,2022-02-08,0001045810-22-000005,nvda-20220208.htm,https://www.sec.gov/Archives/edgar/data/1045810/000104581022000005/nvda-20220208.htm
8-K,2022-02-16,2022-02-16,0001045810-22-000008,nvda-20220216.htm,https://www.sec.gov/Archives/edgar/data/1045810/000104581022000008/nvda-20220216.htm
8-K,2022-03-09,2022-03-03,0001045810-22-000023,nvda-20220303.htm,https://www.sec.gov/Archives/edgar/data/1045810/000104581022000023/nvda-20220303.htm
10-K,2022-03-18,2022-01-30,0001045810-22-000036,nvda-20220130.htm,https://www.sec.gov/Archives/edgar/data/1045810/000104581022000036/nvda-20220130.htm
8-K,2022-05-25,2022-05-25,0001045810-22-000073,nvda-20220525.htm,https://www.sec.gov/Archives/edgar/data/1045810/000104581022000073/nvda-20220525.htm
10-Q,2022-05-27,2022-05-01,0001045810-22-000079,nvda-20220501.htm,https://www.sec.gov/Archives/edgar/data/1045810/000104581022000079/nvda-20220501.htm
8-K,2022-06-06,2022-06-02,0001045810-22-000088,nvda-20220602.htm,https://www.sec.gov/Archives/edgar/data/1045810/000104581022000088/nvda-20220602.htm
8-K,2022-08-08,2022-08-08,0001045810-22-000133,nvda-20220808.htm,https://www.sec.gov/Archives/edgar/data/1045810/000104581022000133/nvda-20220808.htm
8-K,2022-08-24,2022-08-24,0001045810-22-000136,nvda-20220824.htm,https://www.sec.gov/Archives/edgar/data/1045810/000104581022000136/nvda-20220824.htm
10-Q,2022-08-31,2022-07-31,0001045810-22-000147,nvda-20220731.htm,https://www.sec.gov/Archives/edgar/data/1045810/000104581022000147/nvda-20220731.htm
8-K,2022-08-31,2022-08-26,0001045810-22-000146,nvda-20220826.htm,https://www.sec.gov/Archives/edgar/data/1045810/000104581022000146/nvda-20220826.htm
8-K,2022-09-01,2022-08-31,0001045810-22-000151,nvda-20220831.htm,https://www.sec.gov/Archives/edgar/data/1045810/000104581022000151/nvda-20220831.htm
8-K,2022-11-16,2022-11-16,0001045810-22-000163,nvda-20221116.htm,https://www.sec.gov/Archives/edgar/data/1045810/000104581022000163/nvda-20221116.htm
10-Q,2022-11-18,2022-10-30,0001045810-22-000166,nvda-20221030.htm,https://www.sec.gov/Archives/edgar/data/1045810/000104581022000166/nvda-20221030.htm
8-K,2023-02-22,2023-02-22,0001045810-23-000014,nvda-20230222.htm,https://www.sec.gov/Archives/edgar/data/1045810/000104581023000014/nvda-20230222.htm
10-K,2023-02-24,2023-01-29,0001045810-23-000017,nvda-20230129.htm,https://www.sec.gov/Archives/edgar/data/1045810/000104581023000017/nvda-20230129.htm
8-K,2023-03-08,2023-03-02,0001045810-23-000039,nvda-20230302.htm,https://www.sec.gov/Archives/edgar/data/1045810/000104581023000039/nvda-20230302.htm
8-K,2023-05-24,2023-05-24,0001045810-23-000087,nvda-20230524.htm,https://www.sec.gov/Archives/edgar/data/1045810/000104581023000087/nvda-20230524.htm
10-Q,2023-05-26,2023-04-30,0001045810-23-000093,nvda-20230430.htm,https://www.sec.gov/Archives/edgar/data/1045810/000104581023000093/nvda-20230430.htm
8-K,2023-06-27,2023-06-22,0001045810-23-000146,nvda-20230622.htm,https://www.sec.gov/Archives/edgar/data/1045810/000104581023000146/nvda-20230622.htm
8-K,2023-07-24,2023-07-24,0001045810-23-000164,nvda-20230724.htm,https://www.sec.gov/Archives/edgar/data/1045810/000104581023000164/nvda-20230724.htm
8-K,2023-08-23,2023-08-23,0001045810-23-000171,nvda-20230823.htm,https://www.sec.gov/Archives/edgar/data/1045810/000104581023000171/nvda-20230823.htm
10-Q,2023-08-28,2023-07-30,0001045810-23-000175,nvda-20230730.htm,https://www.sec.gov/Archives/edgar/data/1045810/000104581023000175/nvda-20230730.htm
8-K,2023-10-17,2023-10-17,0001045810-23-000217,nvda-20231017.htm,https://www.sec.gov/Archives/edgar/data/1045810/000104581023000217/nvda-20231017.htm
8-K,2023-10-24,2023-10-23,0001045810-23-000221,nvda-20231023.htm,https://www.sec.gov/Archives/edgar/data/1045810/000104581023000221/nvda-20231023.htm
8-K,2023-11-21,2023-11-21,0001045810-23-000225,nvda-20231121.htm,https://www.sec.gov/Archives/edgar/data/1045810/000104581023000225/nvda-20231121.htm
10-Q,2023-11-21,2023-10-29,0001045810-23-000227,nvda-20231029.htm,https://www.sec.gov/Archives/edgar/data/1045810/000104581023000227/nvda-20231029.htm
8-K,2024-02-21,2024-02-21,0001045810-24-000028,nvda-20240221.htm,https://www.sec.gov/Archives/edgar/data/1045810/000104581024000028/nvda-20240221.htm
10-K,2024-02-21,2024-01-28,0001045810-24-000029,nvda-20240128.htm,https://www.sec.gov/Archives/edgar/data/1045810/000104581024000029/nvda-20240128.htm
8-K,2024-03-14,2024-03-08,0001045810-24-000069,nvda-20240308.htm,https://www.sec.gov/Archives/edgar/data/1045810/000104581024000069/nvda-20240308.htm
8-K,2024-05-22,2024-05-22,0001045810-24-000113,nvda-20240522.htm,https://www.sec.gov/Archives/edgar/data/1045810/000104581024000113/nvda-20240522.htm
10-Q,2024-05-29,2024-04-28,0001045810-24-000124,nvda-20240428.htm,https://www.sec.gov/Archives/edgar/data/1045810/000104581024000124/nvda-20240428.htm
8-K,2024-06-07,2024-06-07,0001045810-24-000144,nvda-20240607.htm,https://www.sec.gov/Archives/edgar/data/1045810/000104581024000144/nvda-20240607.htm
8-K,2024-07-02,2024-06-26,0001045810-24-000206,nvda-20240626.htm,https://www.sec.gov/Archives/edgar/data/1045810/000104581024000206/nvda-20240626.htm
8-K,2024-08-28,2024-08-28,0001045810-24-000262,nvda-20240828.htm,https://www.sec.gov/Archives/edgar/data/1045810/000104581024000262/nvda-20240828.htm
10-Q,2024-08-28,2024-07-28,0001045810-24-000264,nvda-20240728.htm,https://www.sec.gov/Archives/edgar/data/1045810/000104581024000264/nvda-20240728.htm
8-K,2024-11-07,2024-11-07,0001045810-24-000300,nvda-20241107.htm,https://www.sec.gov/Archives/edgar/data/1045810/000104581024000300/nvda-20241107.htm
8-K,2024-11-20,2024-11-20,0001045810-24-000315,nvda-20241120.htm,https://www.sec.gov/Archives/edgar/data/1045810/000104581024000315/nvda-20241120.htm
10-Q,2024-11-20,2024-10-27,0001045810-24-000316,nvda-20241027.htm,https://www.sec.gov/Archives/edgar/data/1045810/000104581024000316/nvda-20241027.htm
8-K,2025-01-17,2025-01-13,0001045810-25-000007,nvda-20250113.htm,https://www.sec.gov/Archives/edgar/data/1045810/000104581025000007/nvda-20250113.htm
10-K,2025-02-26,2025-01-26,0001045810-25-000023,nvda-20250126.htm,https://www.sec.gov/Archives/edgar/data/1045810/000104581025000023/nvda-20250126.htm
8-K,2025-02-26,2025-02-26,0001045810-25-000021,nvda-20250226.htm,https://www.sec.gov/Archives/edgar/data/1045810/000104581025000021/nvda-20250226.htm
8-K,2025-03-07,2025-03-03,0001045810-25-000039,nvda-20250303.htm,https://www.sec.gov/Archives/edgar/data/1045810/000104581025000039/nvda-20250303.htm
8-K,2025-04-15,2025-04-09,0001045810-25-000082,nvda-20250409.htm,https://www.sec.gov/Archives/edgar/data/1045810/000104581025000082/nvda-20250409.htm
8-K,2025-05-28,2025-05-28,0001045810-25-000115,nvda-20250528.htm,https://www.sec.gov/Archives/edgar/data/1045810/000104581025000115/nvda-20250528.htm
10-Q,2025-05-28,2025-04-27,0001045810-25-000116,nvda-20250427.htm,https://www.sec.gov/Archives/edgar/data/1045810/000104581025000116/nvda-20250427.htm
8-K,2025-07-01,2025-06-25,0001045810-25-000179,nvda-20250625.htm,https://www.sec.gov/Archives/edgar/data/1045810/000104581025000179/nvda-20250625.htm
8-K,2025-08-05,2025-07-31,0001045810-25-000197,nvda-20250731.htm,https://www.sec.gov/Archives/edgar/data/1045810/000104581025000197/nvda-20250731.htm
10-Q,2025-08-27,2025-07-27,0001045810-25-000209,nvda-20250727.htm,https://www.sec.gov/Archives/edgar/data/1045810/000104581025000209/nvda-20250727.htm
8-K,2025-08-27,2025-08-27,0001045810-25-000207,nvda-20250827.htm,https://www.sec.gov/Archives/edgar/data/1045810/000104581025000207/nvda-20250827.htm
8-K,2025-11-19,2025-11-19,0001045810-25-000228,nvda-20251119.htm,https://www.sec.gov/Archives/edgar/data/1045810/000104581025000228/nvda-20251119.htm
10-Q,2025-11-19,2025-10-26,0001045810-25-000230,nvda-20251026.htm,https://www.sec.gov/Archives/edgar/data/1045810/000104581025000230/nvda-20251026.htm
8-K,2026-01-23,2026-01-20,0001045810-26-000003,nvda-20260120.htm,https://www.sec.gov/Archives/edgar/data/1045810/000104581026000003/nvda-20260120.htm
8-K,2026-02-25,2026-02-25,0001045810-26-000019,nvda-20260225.htm,https://www.sec.gov/Archives/edgar/data/1045810/000104581026000019/nvda-20260225.htm
10-K,2026-02-25,2026-01-25,0001045810-26-000021,nvda-20260125.htm,https://www.sec.gov/Archives/edgar/data/1045810/000104581026000021/nvda-20260125.htm
8-K,2026-03-06,2026-03-02,0001045810-26-000024,nvda-20260302.htm,https://www.sec.gov/Archives/edgar/data/1045810/000104581026000024/nvda-20260302.htm
8-K,2026-04-27,2026-04-24,0001045810-26-000026,nvda-20260424.htm,https://www.sec.gov/Archives/edgar/data/1045810/000104581026000026/nvda-20260424.htm
8-K,2026-05-08,2026-05-07,0001045810-26-000028,nvda-20260507.htm,https://www.sec.gov/Archives/edgar/data/1045810/000104581026000028/nvda-20260507.htm
8-K,2026-05-20,2026-05-20,0001045810-26-000051,nvda-20260520.htm,https://www.sec.gov/Archives/edgar/data/1045810/000104581026000051/nvda-20260520.htm
10-Q,2026-05-20,2026-04-26,0001045810-26-000052,nvda-20260426.htm,https://www.sec.gov/Archives/edgar/data/1045810/000104581026000052/nvda-20260426.htm
8-K,2026-06-18,2026-06-15,0001193125-26-275783,d48176d8k.htm,https://www.sec.gov/Archives/edgar/data/1045810/000119312526275783/d48176d8k.htm
8-K,2026-06-30,2026-06-24,0001045810-26-000056,nvda-20260624.htm,https://www.sec.gov/Archives/edgar/data/1045810/000104581026000056/nvda-20260624.htm
8-K,2026-07-02,2026-06-28,0001045810-26-000060,nvda-20260628.htm,https://www.sec.gov/Archives/edgar/data/1045810/000104581026000060/nvda-20260628.htm
8-K,2026-08-17,2026-08-17,0001045810-26-000069,nvda-20260817.htm,https://www.sec.gov/Archives/edgar/data/1045810/000104581026000069/nvda-20260817.htm
8-K,2026-08-26,2026-08-26,0001045810-26-000073,nvda-20260826.htm,https://www.sec.gov/Archives/edgar/data/1045810/000104581026000073/nvda-20260826.htm
10-Q,2026-08-26,2026-07-26,0001045810-26-000075,nvda-20260726.htm,https://www.sec.gov/Archives/edgar/data/1045810/000104581026000075/nvda-20260726.htm
8-K,2026-09-03,2026-09-02,0001045810-26-000078,nvda-20260902.htm,https://www.sec.gov/Archives/edgar/data/1045810/000104581026000078/nvda-20260902.htm
